timestamp,log_message,status
2024-01-01 10:00:01,"Build started successfully",normal
2024-01-01 10:00:15,"Installing dependencies...",normal
2024-01-01 10:00:45,"npm install completed",normal
2024-01-01 10:01:00,"Running tests...",normal
2024-01-01 10:01:30,"All tests passed",normal
2024-01-01 10:01:45,"Build completed successfully",normal
2024-01-01 10:15:01,"Build started successfully",normal
2024-01-01 10:15:15,"Installing dependencies...",normal
2024-01-01 10:15:45,"npm install completed",normal
2024-01-01 10:16:00,"Running tests...",normal
2024-01-01 10:16:30,"All tests passed",normal
2024-01-01 10:16:45,"Build completed successfully",normal
2024-01-01 11:00:01,"Build started successfully",normal
2024-01-01 11:00:15,"Installing dependencies...",normal
2024-01-01 11:00:45,"Error: Module not found",anomaly
2024-01-01 11:01:00,"npm ERR! Could not resolve dependency",anomaly
2024-01-01 11:01:15,"Build failed with exit code 1",anomaly
2024-01-01 11:30:01,"Build started successfully",normal
2024-01-01 11:30:15,"Installing dependencies...",normal
2024-01-01 11:30:45,"npm install completed",normal
2024-01-01 11:31:00,"Running tests...",normal
2024-01-01 11:31:30,"Test failed: assertion error",anomaly
2024-01-01 11:31:45,"Build failed with exit code 1",anomaly
2024-01-01 12:00:01,"Build started successfully",normal
2024-01-01 12:00:15,"Installing dependencies...",normal
2024-01-01 12:00:45,"npm install completed",normal
2024-01-01 12:01:00,"Running tests...",normal
2024-01-01 12:01:30,"Connection timeout to database",anomaly
2024-01-01 12:01:45,"Network error occurred",anomaly
2024-01-01 12:02:00,"Build failed with exit code 1",anomaly
2024-01-01 13:00:01,"Build started successfully",normal
2024-01-01 13:00:15,"Installing dependencies...",normal
2024-01-01 13:00:45,"npm install completed",normal
2024-01-01 13:01:00,"Running tests...",normal
2024-01-01 13:01:30,"All tests passed",normal
2024-01-01 13:01:45,"Deployment started",normal
2024-01-01 13:02:00,"Deployment completed successfully",normal
2024-01-01 14:00:01,"Build started successfully",normal
2024-01-01 14:00:15,"Installing dependencies...",normal
2024-01-01 14:00:45,"npm install completed",normal
2024-01-01 14:01:00,"Running tests...",normal
2024-01-01 14:01:30,"Memory leak detected",anomaly
2024-01-01 14:01:45,"Process killed due to memory usage",anomaly
2024-01-01 14:02:00,"Build failed with exit code 137",anomaly
2024-01-01 15:00:01,"Build started successfully",normal
2024-01-01 15:00:15,"Installing dependencies...",normal
2024-01-01 15:00:45,"npm install completed",normal
2024-01-01 15:01:00,"Running tests...",normal
2024-01-01 15:01:30,"All tests passed",normal
2024-01-01 15:01:45,"Build completed successfully",normal
2024-01-01 16:00:01,"Build started successfully",normal
2024-01-01 16:00:15,"Installing dependencies...",normal
2024-01-01 16:00:45,"Permission denied accessing file",anomaly
2024-01-01 16:01:00,"Access denied error",anomaly
2024-01-01 16:01:15,"Build failed with exit code 1",anomaly
2024-01-01 17:00:01,"Build started successfully",normal
2024-01-01 17:00:15,"Installing dependencies...",normal
2024-01-01 17:00:45,"npm install completed",normal
2024-01-01 17:01:00,"Running tests...",normal
2024-01-01 17:01:30,"All tests passed",normal
2024-01-01 17:01:45,"Deployment started",normal
2024-01-01 17:02:00,"Deployment completed successfully",normal
2024-01-01 18:00:01,"Build started successfully",normal
2024-01-01 18:00:15,"Installing dependencies...",normal
2024-01-01 18:00:45,"npm install completed",normal
2024-01-01 18:01:00,"Running tests...",normal
2024-01-01 18:01:30,"Segmentation fault occurred",anomaly
2024-01-01 18:01:45,"Core dumped",anomaly
2024-01-01 18:02:00,"Build failed with exit code 139",anomaly
2024-01-01 19:00:01,"Build started successfully",normal
2024-01-01 19:00:15,"Installing dependencies...",normal
2024-01-01 19:00:45,"npm install completed",normal
2024-01-01 19:01:00,"Running tests...",normal
2024-01-01 19:01:30,"All tests passed",normal
2024-01-01 19:01:45,"Build completed successfully",normal
